85.00 ,·½²î£º,50.37856677,0.035984691
85.00 ,¾ùÖµ£º,999.91 ,
85.00 ,,,
85.00 ,,,
85.00 ,,,
85.00 ,,,
85.00 ,,,
85.00 ,,,
85.00 ,,,
85.00 ,,,
85.00 ,,,
85.00 ,,,
85.00 ,,,
85.00 ,,,
85.00 ,,,
85.00 ,,,
85.00 ,,,
85.00 ,,,
85.00 ,,,
85.00 ,,,
85.00 ,,,
85.00 ,,,
85.00 ,,,
85.00 ,,,
85.00 ,,,
85.00 ,,,
85.00 ,,,
85.00 ,,,
119.00 ,,,
201.00 ,,,
313.00 ,,,
342.00 ,,,
323.00 ,,,
270.00 ,,,
303.00 ,,,
408.00 ,,,
514.00 ,,,
542.00 ,,,
502.00 ,,,
464.00 ,,,
464.00 ,,,
525.00 ,,,
625.00 ,,,
666.00 ,,,
666.00 ,,,
629.00 ,,,
610.00 ,,,
648.00 ,,,
679.00 ,,,
721.00 ,,,
757.00 ,,,
757.00 ,,,
757.00 ,,,
741.00 ,,,
757.00 ,,,
776.00 ,,,
809.00 ,,,
824.00 ,,,
824.00 ,,,
824.00 ,,,
824.00 ,,,
824.00 ,,,
838.00 ,,,
872.00 ,,,
882.00 ,,,
888.00 ,,,
872.00 ,,,
872.00 ,,,
888.00 ,,,
904.00 ,,,
904.00 ,,,
901.00 ,,,
901.00 ,,,
911.00 ,,,
926.00 ,,,
933.00 ,,,
933.00 ,,,
933.00 ,,,
933.00 ,,,
933.00 ,,,
948.00 ,,,
945.00 ,,,
942.00 ,,,
948.00 ,,,
963.00 ,,,
957.00 ,,,
960.00 ,,,
963.00 ,,,
960.00 ,,,
960.00 ,,,
960.00 ,,,
957.00 ,,,
972.00 ,,,
975.00 ,,,
975.00 ,,,
975.00 ,,,
975.00 ,,,
975.00 ,,,
975.00 ,,,
975.00 ,,,
989.00 ,,,
989.00 ,,,
987.00 ,,,
975.00 ,,,
975.00 ,,,
989.00 ,,,
987.00 ,,,
987.00 ,,,
989.00 ,,,
989.00 ,,,
987.00 ,,,
989.00 ,,,
987.00 ,,,
987.00 ,,,
987.00 ,,,
989.00 ,,,
989.00 ,,,
1001.00 ,,,
998.00 ,,,
981.00 ,,,
987.00 ,,,
998.00 ,,,
998.00 ,,,
1001.00 ,,,
1001.00 ,,,
989.00 ,,,
987.00 ,,,
989.00 ,,,
1001.00 ,,,
1001.00 ,,,
998.00 ,,,
998.00 ,,,
1001.00 ,,,
1001.00 ,,,
984.00 ,,,
987.00 ,,,
998.00 ,,,
992.00 ,,,
998.00 ,,,
998.00 ,,,
1001.00 ,,,
1001.00 ,,,
1001.00 ,,,
1001.00 ,,,
1001.00 ,,,
1001.00 ,,,
1001.00 ,,,
1001.00 ,,,
1001.00 ,,,
987.00 ,,,
992.00 ,,,
998.00 ,,,
998.00 ,,,
1001.00 ,,,
1001.00 ,,,
998.00 ,,,
1001.00 ,,,
1001.00 ,,,
1001.00 ,,,
1001.00 ,,,
1001.00 ,,,
998.00 ,,,
998.00 ,,,
1001.00 ,,,
1001.00 ,,,
998.00 ,,,
998.00 ,,,
1007.00 ,,,
1007.00 ,,,
984.00 ,,,
987.00 ,,,
998.00 ,,,
1001.00 ,,,
1007.00 ,,,
1001.00 ,,,
1004.00 ,,,
998.00 ,,,
1007.00 ,,,
1007.00 ,,,
989.00 ,,,
987.00 ,,,
1007.00 ,,,
1001.00 ,,,
1001.00 ,,,
995.00 ,,,
1001.00 ,,,
1007.00 ,,,
998.00 ,,,
1007.00 ,,,
1001.00 ,,,
987.00 ,,,
992.00 ,,,
1001.00 ,,,
995.00 ,,,
1001.00 ,,,
1001.00 ,,,
1001.00 ,,,
1007.00 ,,,
1007.00 ,,,
1007.00 ,,,
1001.00 ,,,
987.00 ,,,
987.00 ,,,
995.00 ,,,
1001.00 ,,,
1001.00 ,,,
992.00 ,,,
998.00 ,,,
1007.00 ,,,
1015.00 ,,,
1007.00 ,,,
998.00 ,,,
1001.00 ,,,
1001.00 ,,,
1001.00 ,,,
1001.00 ,,,
998.00 ,,,
998.00 ,,,
998.00 ,,,
998.00 ,,,
998.00 ,,,
1001.00 ,,,
998.00 ,,,
998.00 ,,,
998.00 ,,,
998.00 ,,,
998.00 ,,,
998.00 ,,,
998.00 ,,,
1012.00 ,,,
1012.00 ,,,
998.00 ,,,
1007.00 ,,,
998.00 ,,,
987.00 ,,,
989.00 ,,,
1004.00 ,,,
998.00 ,,,
998.00 ,,,
998.00 ,,,
998.00 ,,,
1012.00 ,,,
1012.00 ,,,
998.00 ,,,
998.00 ,,,
998.00 ,,,
1004.00 ,,,
998.00 ,,,
998.00 ,,,
998.00 ,,,
998.00 ,,,
998.00 ,,,
998.00 ,,,
1004.00 ,,,
998.00 ,,,
998.00 ,,,
1007.00 ,,,
998.00 ,,,
998.00 ,,,
1004.00 ,,,
1001.00 ,,,
1001.00 ,,,
1001.00 ,,,
992.00 ,,,
1001.00 ,,,
998.00 ,,,
998.00 ,,,
1007.00 ,,,
1001.00 ,,,
1001.00 ,,,
1001.00 ,,,
998.00 ,,,
1001.00 ,,,
1001.00 ,,,
998.00 ,,,
1001.00 ,,,
1001.00 ,,,
1007.00 ,,,
998.00 ,,,
1001.00 ,,,
1001.00 ,,,
1001.00 ,,,
987.00 ,,,
987.00 ,,,
995.00 ,,,
1001.00 ,,,
1010.00 ,,,
1012.00 ,,,
992.00 ,,,
998.00 ,,,
992.00 ,,,
998.00 ,,,
1015.00 ,,,
1015.00 ,,,
1004.00 ,,,
998.00 ,,,
987.00 ,,,
987.00 ,,,
992.00 ,,,
998.00 ,,,
1007.00 ,,,
1012.00 ,,,
1007.00 ,,,
998.00 ,,,
992.00 ,,,
998.00 ,,,
992.00 ,,,
998.00 ,,,
1007.00 ,,,
1012.00 ,,,
1007.00 ,,,
998.00 ,,,
992.00 ,,,
998.00 ,,,
998.00 ,,,
998.00 ,,,
998.00 ,,,
998.00 ,,,
1012.00 ,,,
1012.00 ,,,
998.00 ,,,
998.00 ,,,
998.00 ,,,
1004.00 ,,,
1001.00 ,,,
1001.00 ,,,
992.00 ,,,
987.00 ,,,
992.00 ,,,
992.00 ,,,
1007.00 ,,,
1007.00 ,,,
1007.00 ,,,
1007.00 ,,,
992.00 ,,,
992.00 ,,,
992.00 ,,,
1007.00 ,,,
1010.00 ,,,
1007.00 ,,,
998.00 ,,,
992.00 ,,,
998.00 ,,,
992.00 ,,,
1015.00 ,,,
1010.00 ,,,
998.00 ,,,
998.00 ,,,
1001.00 ,,,
1001.00 ,,,
992.00 ,,,
998.00 ,,,
998.00 ,,,
998.00 ,,,
998.00 ,,,
998.00 ,,,
1012.00 ,,,
1012.00 ,,,
998.00 ,,,
998.00 ,,,
998.00 ,,,
998.00 ,,,
998.00 ,,,
998.00 ,,,
998.00 ,,,
998.00 ,,,
998.00 ,,,
998.00 ,,,
998.00 ,,,
998.00 ,,,
1012.00 ,,,
1012.00 ,,,
1001.00 ,,,
1001.00 ,,,
992.00 ,,,
987.00 ,,,
992.00 ,,,
992.00 ,,,
1010.00 ,,,
1007.00 ,,,
1007.00 ,,,
992.00 ,,,
992.00 ,,,
992.00 ,,,
1010.00 ,,,
1007.00 ,,,
1007.00 ,,,
995.00 ,,,
992.00 ,,,
992.00 ,,,
1007.00 ,,,
1007.00 ,,,
1010.00 ,,,
1010.00 ,,,
995.00 ,,,
998.00 ,,,
1001.00 ,,,
1001.00 ,,,
1001.00 ,,,
998.00 ,,,
995.00 ,,,
998.00 ,,,
992.00 ,,,
998.00 ,,,
992.00 ,,,
1012.00 ,,,
1007.00 ,,,
998.00 ,,,
998.00 ,,,
998.00 ,,,
998.00 ,,,
998.00 ,,,
995.00 ,,,
1012.00 ,,,
1007.00 ,,,
1001.00 ,,,
992.00 ,,,
998.00 ,,,
992.00 ,,,
998.00 ,,,
1007.00 ,,,
1012.00 ,,,
992.00 ,,,
998.00 ,,,
998.00 ,,,
998.00 ,,,
998.00 ,,,
1012.00 ,,,
1012.00 ,,,
998.00 ,,,
998.00 ,,,
998.00 ,,,
998.00 ,,,
998.00 ,,,
998.00 ,,,
998.00 ,,,
998.00 ,,,
998.00 ,,,
1007.00 ,,,
1007.00 ,,,
998.00 ,,,
998.00 ,,,
998.00 ,,,
998.00 ,,,
998.00 ,,,
998.00 ,,,
998.00 ,,,
998.00 ,,,
998.00 ,,,
998.00 ,,,
998.00 ,,,
998.00 ,,,
1012.00 ,,,
1012.00 ,,,
998.00 ,,,
998.00 ,,,
998.00 ,,,
998.00 ,,,
998.00 ,,,
998.00 ,,,
998.00 ,,,
998.00 ,,,
998.00 ,,,
998.00 ,,,
998.00 ,,,
998.00 ,,,
1018.00 ,,,
1012.00 ,,,
998.00 ,,,
987.00 ,,,
987.00 ,,,
992.00 ,,,
1007.00 ,,,
1012.00 ,,,
1007.00 ,,,
998.00 ,,,
992.00 ,,,
998.00 ,,,
998.00 ,,,
998.00 ,,,
998.00 ,,,
1012.00 ,,,
1012.00 ,,,
998.00 ,,,
998.00 ,,,
998.00 ,,,
998.00 ,,,
998.00 ,,,
998.00 ,,,
998.00 ,,,
998.00 ,,,
998.00 ,,,
998.00 ,,,
998.00 ,,,
998.00 ,,,
1001.00 ,,,
1012.00 ,,,
1012.00 ,,,
998.00 ,,,
998.00 ,,,
998.00 ,,,
998.00 ,,,
998.00 ,,,
998.00 ,,,
998.00 ,,,
998.00 ,,,
998.00 ,,,
1004.00 ,,,
995.00 ,,,
998.00 ,,,
998.00 ,,,
998.00 ,,,
998.00 ,,,
1012.00 ,,,
1012.00 ,,,
998.00 ,,,
998.00 ,,,
998.00 ,,,
998.00 ,,,
998.00 ,,,
998.00 ,,,
995.00 ,,,
998.00 ,,,
989.00 ,,,
998.00 ,,,
1012.00 ,,,
1012.00 ,,,
995.00 ,,,
998.00 ,,,
995.00 ,,,
995.00 ,,,
989.00 ,,,
1004.00 ,,,
1010.00 ,,,
1010.00 ,,,
1004.00 ,,,
995.00 ,,,
992.00 ,,,
998.00 ,,,
1004.00 ,,,
1010.00 ,,,
1010.00 ,,,
998.00 ,,,
995.00 ,,,
998.00 ,,,
992.00 ,,,
995.00 ,,,
989.00 ,,,
1010.00 ,,,
1010.00 ,,,
1004.00 ,,,
995.00 ,,,
995.00 ,,,
998.00 ,,,
1010.00 ,,,
1010.00 ,,,
995.00 ,,,
989.00 ,,,
989.00 ,,,
1012.00 ,,,
1010.00 ,,,
1010.00 ,,,
995.00 ,,,
995.00 ,,,
989.00 ,,,
989.00 ,,,
995.00 ,,,
1012.00 ,,,
1012.00 ,,,
1010.00 ,,,
998.00 ,,,
995.00 ,,,
995.00 ,,,
989.00 ,,,
987.00 ,,,
1012.00 ,,,
1004.00 ,,,
1010.00 ,,,
1010.00 ,,,
989.00 ,,,
989.00 ,,,
995.00 ,,,
1010.00 ,,,
1004.00 ,,,
1007.00 ,,,
995.00 ,,,
995.00 ,,,
998.00 ,,,
998.00 ,,,
1010.00 ,,,
1012.00 ,,,
989.00 ,,,
1001.00 ,,,
1001.00 ,,,
989.00 ,,,
989.00 ,,,
1012.00 ,,,
1010.00 ,,,
1010.00 ,,,
998.00 ,,,
998.00 ,,,
998.00 ,,,
998.00 ,,,
995.00 ,,,
995.00 ,,,
989.00 ,,,
998.00 ,,,
1012.00 ,,,
1007.00 ,,,
998.00 ,,,
989.00 ,,,
995.00 ,,,
1010.00 ,,,
1007.00 ,,,
992.00 ,,,
995.00 ,,,
989.00 ,,,
1010.00 ,,,
1010.00 ,,,
1007.00 ,,,
992.00 ,,,
989.00 ,,,
989.00 ,,,
1010.00 ,,,
1007.00 ,,,
1004.00 ,,,
1004.00 ,,,
1007.00 ,,,
995.00 ,,,
989.00 ,,,
989.00 ,,,
1007.00 ,,,
1007.00 ,,,
1004.00 ,,,
1004.00 ,,,
1004.00 ,,,
992.00 ,,,
992.00 ,,,
1010.00 ,,,
1004.00 ,,,
995.00 ,,,
995.00 ,,,
995.00 ,,,
1010.00 ,,,
1010.00 ,,,
1010.00 ,,,
989.00 ,,,
989.00 ,,,
992.00 ,,,
1010.00 ,,,
1004.00 ,,,
992.00 ,,,
992.00 ,,,
1004.00 ,,,
1004.00 ,,,
1007.00 ,,,
1010.00 ,,,
989.00 ,,,
995.00 ,,,
998.00 ,,,
1012.00 ,,,
1010.00 ,,,
992.00 ,,,
992.00 ,,,
989.00 ,,,
989.00 ,,,
1010.00 ,,,
1010.00 ,,,
1004.00 ,,,
1010.00 ,,,
995.00 ,,,
989.00 ,,,
995.00 ,,,
1010.00 ,,,
1012.00 ,,,
998.00 ,,,
998.00 ,,,
995.00 ,,,
998.00 ,,,
992.00 ,,,
992.00 ,,,
1007.00 ,,,
1004.00 ,,,
1007.00 ,,,
995.00 ,,,
989.00 ,,,
995.00 ,,,
1010.00 ,,,
1010.00 ,,,
1004.00 ,,,
989.00 ,,,
992.00 ,,,
1007.00 ,,,
1004.00 ,,,
1004.00 ,,,
995.00 ,,,
992.00 ,,,
989.00 ,,,
1004.00 ,,,
1010.00 ,,,
1007.00 ,,,
1004.00 ,,,
989.00 ,,,
992.00 ,,,
1010.00 ,,,
1010.00 ,,,
1010.00 ,,,
989.00 ,,,
995.00 ,,,
995.00 ,,,
998.00 ,,,
1012.00 ,,,
1010.00 ,,,
995.00 ,,,
995.00 ,,,
998.00 ,,,
995.00 ,,,
995.00 ,,,
995.00 ,,,
1010.00 ,,,
1012.00 ,,,
1012.00 ,,,
998.00 ,,,
981.00 ,,,
998.00 ,,,
998.00 ,,,
998.00 ,,,
995.00 ,,,
1010.00 ,,,
1012.00 ,,,
995.00 ,,,
995.00 ,,,
992.00 ,,,
995.00 ,,,
1012.00 ,,,
1010.00 ,,,
992.00 ,,,
995.00 ,,,
989.00 ,,,
992.00 ,,,
1010.00 ,,,
1004.00 ,,,
1004.00 ,,,
1010.00 ,,,
1007.00 ,,,
989.00 ,,,
989.00 ,,,
995.00 ,,,
1007.00 ,,,
1004.00 ,,,
1004.00 ,,,
992.00 ,,,
995.00 ,,,
1001.00 ,,,
1010.00 ,,,
1007.00 ,,,
989.00 ,,,
989.00 ,,,
1010.00 ,,,
1012.00 ,,,
1010.00 ,,,
992.00 ,,,
995.00 ,,,
989.00 ,,,
992.00 ,,,
1012.00 ,,,
1004.00 ,,,
1010.00 ,,,
995.00 ,,,
989.00 ,,,
989.00 ,,,
1012.00 ,,,
1007.00 ,,,
1007.00 ,,,
992.00 ,,,
989.00 ,,,
989.00 ,,,
1007.00 ,,,
1007.00 ,,,
1001.00 ,,,
1004.00 ,,,
1004.00 ,,,
1001.00 ,,,
992.00 ,,,
987.00 ,,,
1001.00 ,,,
1001.00 ,,,
1007.00 ,,,
1007.00 ,,,
1001.00 ,,,
1001.00 ,,,
1004.00 ,,,
1007.00 ,,,
992.00 ,,,
989.00 ,,,
989.00 ,,,
1007.00 ,,,
1007.00 ,,,
1004.00 ,,,
1007.00 ,,,
1007.00 ,,,
992.00 ,,,
989.00 ,,,
989.00 ,,,
1007.00 ,,,
1007.00 ,,,
1001.00 ,,,
1001.00 ,,,
1007.00 ,,,
1007.00 ,,,
989.00 ,,,
992.00 ,,,
992.00 ,,,
1001.00 ,,,
1004.00 ,,,
1004.00 ,,,
1007.00 ,,,
1007.00 ,,,
989.00 ,,,
989.00 ,,,
1007.00 ,,,
1007.00 ,,,
1004.00 ,,,
1004.00 ,,,
992.00 ,,,
992.00 ,,,
987.00 ,,,
1001.00 ,,,
1004.00 ,,,
1007.00 ,,,
1007.00 ,,,
1004.00 ,,,
1004.00 ,,,
1007.00 ,,,
992.00 ,,,
989.00 ,,,
989.00 ,,,
1007.00 ,,,
1007.00 ,,,
1001.00 ,,,
1007.00 ,,,
1007.00 ,,,
989.00 ,,,
992.00 ,,,
992.00 ,,,
1004.00 ,,,
1004.00 ,,,
1007.00 ,,,
1007.00 ,,,
1004.00 ,,,
989.00 ,,,
992.00 ,,,
1007.00 ,,,
1004.00 ,,,
1004.00 ,,,
992.00 ,,,
992.00 ,,,
1004.00 ,,,
1004.00 ,,,
1010.00 ,,,
1007.00 ,,,
989.00 ,,,
989.00 ,,,
995.00 ,,,
1007.00 ,,,
1007.00 ,,,
1007.00 ,,,
989.00 ,,,
998.00 ,,,
1001.00 ,,,
1007.00 ,,,
992.00 ,,,
992.00 ,,,
992.00 ,,,
1001.00 ,,,
1001.00 ,,,
1007.00 ,,,
1010.00 ,,,
1007.00 ,,,
992.00 ,,,
992.00 ,,,
1012.00 ,,,
1007.00 ,,,
992.00 ,,,
989.00 ,,,
987.00 ,,,
1007.00 ,,,
1004.00 ,,,
1004.00 ,,,
1007.00 ,,,
1007.00 ,,,
1004.00 ,,,
987.00 ,,,
992.00 ,,,
1004.00 ,,,
1004.00 ,,,
1007.00 ,,,
1004.00 ,,,
989.00 ,,,
992.00 ,,,
1004.00 ,,,
1004.00 ,,,
1001.00 ,,,
998.00 ,,,
987.00 ,,,
1007.00 ,,,
998.00 ,,,
1004.00 ,,,
1007.00 ,,,
1007.00 ,,,
1001.00 ,,,
992.00 ,,,
989.00 ,,,
987.00 ,,,
1004.00 ,,,
1007.00 ,,,
1007.00 ,,,
1007.00 ,,,
1001.00 ,,,
1007.00 ,,,
992.00 ,,,
992.00 ,,,
989.00 ,,,
1001.00 ,,,
1007.00 ,,,
1007.00 ,,,
1004.00 ,,,
1007.00 ,,,
1007.00 ,,,
987.00 ,,,
992.00 ,,,
987.00 ,,,
1001.00 ,,,
1001.00 ,,,
1007.00 ,,,
1007.00 ,,,
1007.00 ,,,
1001.00 ,,,
992.00 ,,,
992.00 ,,,
1007.00 ,,,
1001.00 ,,,
1007.00 ,,,
1001.00 ,,,
992.00 ,,,
989.00 ,,,
1001.00 ,,,
1015.00 ,,,
1001.00 ,,,
1004.00 ,,,
1001.00 ,,,
992.00 ,,,
998.00 ,,,
1001.00 ,,,
1004.00 ,,,
1001.00 ,,,
989.00 ,,,
989.00 ,,,
1004.00 ,,,
1004.00 ,,,
1004.00 ,,,
1004.00 ,,,
1004.00 ,,,
998.00 ,,,
1001.00 ,,,
1007.00 ,,,
1001.00 ,,,
992.00 ,,,
987.00 ,,,
1001.00 ,,,
1001.00 ,,,
1004.00 ,,,
1007.00 ,,,
1007.00 ,,,
1007.00 ,,,
987.00 ,,,
989.00 ,,,
987.00 ,,,
1004.00 ,,,
1004.00 ,,,
1001.00 ,,,
1001.00 ,,,
998.00 ,,,
1001.00 ,,,
1001.00 ,,,
998.00 ,,,
1001.00 ,,,
1001.00 ,,,
998.00 ,,,
1001.00 ,,,
1001.00 ,,,
1001.00 ,,,
1001.00 ,,,
1001.00 ,,,
1001.00 ,,,
1004.00 ,,,
1001.00 ,,,
1007.00 ,,,
1007.00 ,,,
1012.00 ,,,
984.00 ,,,
989.00 ,,,
1001.00 ,,,
1007.00 ,,,
1001.00 ,,,
1001.00 ,,,
1001.00 ,,,
984.00 ,,,
992.00 ,,,
1007.00 ,,,
1007.00 ,,,
1007.00 ,,,
1004.00 ,,,
1004.00 ,,,
998.00 ,,,
998.00 ,,,
998.00 ,,,
995.00 ,,,
995.00 ,,,
1007.00 ,,,
1010.00 ,,,
1004.00 ,,,
998.00 ,,,
998.00 ,,,
998.00 ,,,
998.00 ,,,
998.00 ,,,
998.00 ,,,
989.00 ,,,
998.00 ,,,
1012.00 ,,,
1012.00 ,,,
998.00 ,,,
998.00 ,,,
998.00 ,,,
998.00 ,,,
998.00 ,,,
989.00 ,,,
989.00 ,,,
998.00 ,,,
1007.00 ,,,
1004.00 ,,,
1001.00 ,,,
1004.00 ,,,
1001.00 ,,,
989.00 ,,,
989.00 ,,,
1001.00 ,,,
1012.00 ,,,
1010.00 ,,,
1012.00 ,,,
992.00 ,,,
995.00 ,,,
989.00 ,,,
989.00 ,,,
1001.00 ,,,
1012.00 ,,,
1004.00 ,,,
1004.00 ,,,
1004.00 ,,,
998.00 ,,,
989.00 ,,,
998.00 ,,,
1007.00 ,,,
1004.00 ,,,
1001.00 ,,,
998.00 ,,,
998.00 ,,,
1001.00 ,,,
1001.00 ,,,
1004.00 ,,,
1007.00 ,,,
989.00 ,,,
989.00 ,,,
1004.00 ,,,
1004.00 ,,,
1001.00 ,,,
1004.00 ,,,
1007.00 ,,,
1007.00 ,,,
989.00 ,,,
987.00 ,,,
992.00 ,,,
1001.00 ,,,
1007.00 ,,,
1004.00 ,,,
1004.00 ,,,
1007.00 ,,,
1001.00 ,,,
992.00 ,,,
989.00 ,,,
1001.00 ,,,
1007.00 ,,,
1001.00 ,,,
1007.00 ,,,
1007.00 ,,,
992.00 ,,,
992.00 ,,,
1001.00 ,,,
1007.00 ,,,
1004.00 ,,,
1007.00 ,,,
989.00 ,,,
989.00 ,,,
989.00 ,,,
1004.00 ,,,
1001.00 ,,,
1004.00 ,,,
1004.00 ,,,
1004.00 ,,,
1004.00 ,,,
1004.00 ,,,
1001.00 ,,,
989.00 ,,,
987.00 ,,,
1004.00 ,,,
998.00 ,,,
1001.00 ,,,
1004.00 ,,,
1001.00 ,,,
1004.00 ,,,
1004.00 ,,,
1004.00 ,,,
1001.00 ,,,
1004.00 ,,,
1007.00 ,,,
992.00 ,,,
992.00 ,,,
992.00 ,,,
1007.00 ,,,
1001.00 ,,,
1007.00 ,,,
1001.00 ,,,
1007.00 ,,,
989.00 ,,,
989.00 ,,,
1004.00 ,,,
1004.00 ,,,
1007.00 ,,,
1001.00 ,,,
992.00 ,,,
989.00 ,,,
1001.00 ,,,
1004.00 ,,,
1004.00 ,,,
1004.00 ,,,
1004.00 ,,,
1007.00 ,,,
992.00 ,,,
989.00 ,,,
992.00 ,,,
1007.00 ,,,
1007.00 ,,,
1007.00 ,,,
1007.00 ,,,
989.00 ,,,
989.00 ,,,
1004.00 ,,,
1007.00 ,,,
1004.00 ,,,
1004.00 ,,,
989.00 ,,,
989.00 ,,,
1007.00 ,,,
1004.00 ,,,
1001.00 ,,,
1007.00 ,,,
1007.00 ,,,
989.00 ,,,
987.00 ,,,
992.00 ,,,
1001.00 ,,,
1007.00 ,,,
1004.00 ,,,
1007.00 ,,,
1007.00 ,,,
1007.00 ,,,
992.00 ,,,
987.00 ,,,
987.00 ,,,
1001.00 ,,,
1001.00 ,,,
1001.00 ,,,
1001.00 ,,,
1007.00 ,,,
1007.00 ,,,
1007.00 ,,,
1007.00 ,,,
992.00 ,,,
989.00 ,,,
987.00 ,,,
1007.00 ,,,
1001.00 ,,,
1007.00 ,,,
1007.00 ,,,
1007.00 ,,,
1007.00 ,,,
992.00 ,,,
992.00 ,,,
987.00 ,,,
1004.00 ,,,
1001.00 ,,,
1010.00 ,,,
1007.00 ,,,
1001.00 ,,,
992.00 ,,,
992.00 ,,,
1001.00 ,,,
1007.00 ,,,
1007.00 ,,,
998.00 ,,,
987.00 ,,,
989.00 ,,,
998.00 ,,,
1001.00 ,,,
1001.00 ,,,
1001.00 ,,,
1001.00 ,,,
1001.00 ,,,
1001.00 ,,,
1004.00 ,,,
1001.00 ,,,
1001.00 ,,,
1007.00 ,,,
1004.00 ,,,
1007.00 ,,,
1007.00 ,,,
992.00 ,,,
989.00 ,,,
989.00 ,,,
1007.00 ,,,
1007.00 ,,,
1004.00 ,,,
1004.00 ,,,
992.00 ,,,
992.00 ,,,
1001.00 ,,,
1004.00 ,,,
1007.00 ,,,
1007.00 ,,,
987.00 ,,,
989.00 ,,,
1001.00 ,,,
1007.00 ,,,
1004.00 ,,,
1007.00 ,,,
1007.00 ,,,
989.00 ,,,
989.00 ,,,
992.00 ,,,
1007.00 ,,,
1004.00 ,,,
1004.00 ,,,
1007.00 ,,,
1007.00 ,,,
989.00 ,,,
989.00 ,,,
992.00 ,,,
1010.00 ,,,
1010.00 ,,,
1010.00 ,,,
989.00 ,,,
992.00 ,,,
992.00 ,,,
1007.00 ,,,
1004.00 ,,,
1004.00 ,,,
1007.00 ,,,
992.00 ,,,
989.00 ,,,
989.00 ,,,
1007.00 ,,,
1010.00 ,,,
1007.00 ,,,
1010.00 ,,,
992.00 ,,,
992.00 ,,,
989.00 ,,,
1007.00 ,,,
1007.00 ,,,
1004.00 ,,,
1004.00 ,,,
995.00 ,,,
992.00 ,,,
992.00 ,,,
1004.00 ,,,
1004.00 ,,,
1007.00 ,,,
1007.00 ,,,
989.00 ,,,
989.00 ,,,
1010.00 ,,,
1007.00 ,,,
1007.00 ,,,
989.00 ,,,
989.00 ,,,
995.00 ,,,
1010.00 ,,,
1012.00 ,,,
1010.00 ,,,
995.00 ,,,
995.00 ,,,
989.00 ,,,
998.00 ,,,
1010.00 ,,,
1012.00 ,,,
992.00 ,,,
998.00 ,,,
998.00 ,,,
998.00 ,,,
998.00 ,,,
995.00 ,,,
995.00 ,,,
1010.00 ,,,
1010.00 ,,,
995.00 ,,,
989.00 ,,,
989.00 ,,,
1007.00 ,,,
1007.00 ,,,
1004.00 ,,,
989.00 ,,,
1001.00 ,,,
1018.00 ,,,
1007.00 ,,,
992.00 ,,,
992.00 ,,,
989.00 ,,,
989.00 ,,,
1007.00 ,,,
1007.00 ,,,
1004.00 ,,,
1001.00 ,,,
1007.00 ,,,
1004.00 ,,,
992.00 ,,,
992.00 ,,,
989.00 ,,,
1007.00 ,,,
1007.00 ,,,
1004.00 ,,,
1001.00 ,,,
992.00 ,,,
992.00 ,,,
1004.00 ,,,
1004.00 ,,,
1007.00 ,,,
1007.00 ,,,
1004.00 ,,,
989.00 ,,,
992.00 ,,,
1007.00 ,,,
1007.00 ,,,
1007.00 ,,,
984.00 ,,,
987.00 ,,,
1001.00 ,,,
1001.00 ,,,
1007.00 ,,,
1007.00 ,,,
1007.00 ,,,
1001.00 ,,,
992.00 ,,,
992.00 ,,,
1004.00 ,,,
1007.00 ,,,
1007.00 ,,,
989.00 ,,,
989.00 ,,,
1007.00 ,,,
1007.00 ,,,
1007.00 ,,,
987.00 ,,,
992.00 ,,,
1001.00 ,,,
1004.00 ,,,
1004.00 ,,,
1007.00 ,,,
1007.00 ,,,
992.00 ,,,
989.00 ,,,
987.00 ,,,
1007.00 ,,,
1001.00 ,,,
1007.00 ,,,
1007.00 ,,,
1007.00 ,,,
1007.00 ,,,
992.00 ,,,
992.00 ,,,
992.00 ,,,
1007.00 ,,,
1004.00 ,,,
1004.00 ,,,
1007.00 ,,,
992.00 ,,,
992.00 ,,,
989.00 ,,,
1001.00 ,,,
1007.00 ,,,
1004.00 ,,,
1004.00 ,,,
1007.00 ,,,
1007.00 ,,,
989.00 ,,,
989.00 ,,,
992.00 ,,,
1007.00 ,,,
1007.00 ,,,
1004.00 ,,,
1004.00 ,,,
992.00 ,,,
992.00 ,,,
1001.00 ,,,
1004.00 ,,,
1001.00 ,,,
1007.00 ,,,
1001.00 ,,,
989.00 ,,,
989.00 ,,,
1007.00 ,,,
1007.00 ,,,
1004.00 ,,,
1004.00 ,,,
1007.00 ,,,
992.00 ,,,
989.00 ,,,
987.00 ,,,
1007.00 ,,,
1001.00 ,,,
1001.00 ,,,
1007.00 ,,,
1007.00 ,,,
1007.00 ,,,
1007.00 ,,,
992.00 ,,,
992.00 ,,,
989.00 ,,,
1004.00 ,,,
1007.00 ,,,
1007.00 ,,,
1004.00 ,,,
989.00 ,,,
992.00 ,,,
992.00 ,,,
1001.00 ,,,
1004.00 ,,,
1004.00 ,,,
1007.00 ,,,
1007.00 ,,,
1004.00 ,,,
989.00 ,,,
992.00 ,,,
992.00 ,,,
1007.00 ,,,
1007.00 ,,,
1001.00 ,,,
1001.00 ,,,
1007.00 ,,,
1004.00 ,,,
992.00 ,,,
992.00 ,,,
989.00 ,,,
1007.00 ,,,
1007.00 ,,,
1004.00 ,,,
1004.00 ,,,
992.00 ,,,
992.00 ,,,
1004.00 ,,,
1001.00 ,,,
1007.00 ,,,
1007.00 ,,,
992.00 ,,,
992.00 ,,,
987.00 ,,,
1001.00 ,,,
1001.00 ,,,
1004.00 ,,,
1001.00 ,,,
1007.00 ,,,
1007.00 ,,,
1007.00 ,,,
1007.00 ,,,
987.00 ,,,
989.00 ,,,
987.00 ,,,
1004.00 ,,,
1007.00 ,,,
1007.00 ,,,
1007.00 ,,,
1007.00 ,,,
1004.00 ,,,
987.00 ,,,
992.00 ,,,
1001.00 ,,,
1007.00 ,,,
1004.00 ,,,
1004.00 ,,,
989.00 ,,,
989.00 ,,,
1004.00 ,,,
1007.00 ,,,
1007.00 ,,,
1007.00 ,,,
992.00 ,,,
992.00 ,,,
992.00 ,,,
1001.00 ,,,
1001.00 ,,,
1004.00 ,,,
1007.00 ,,,
1007.00 ,,,
992.00 ,,,
992.00 ,,,
1001.00 ,,,
1007.00 ,,,
1007.00 ,,,
1007.00 ,,,
992.00 ,,,
989.00 ,,,
987.00 ,,,
1007.00 ,,,
1001.00 ,,,
1007.00 ,,,
1001.00 ,,,
1001.00 ,,,
1007.00 ,,,
1004.00 ,,,
989.00 ,,,
989.00 ,,,
989.00 ,,,
1001.00 ,,,
1004.00 ,,,
1004.00 ,,,
1007.00 ,,,
1004.00 ,,,
1007.00 ,,,
998.00 ,,,
992.00 ,,,
1007.00 ,,,
1001.00 ,,,
1004.00 ,,,
989.00 ,,,
989.00 ,,,
1007.00 ,,,
1004.00 ,,,
1004.00 ,,,
1004.00 ,,,
1007.00 ,,,
992.00 ,,,
992.00 ,,,
987.00 ,,,
998.00 ,,,
1001.00 ,,,
1007.00 ,,,
1001.00 ,,,
1007.00 ,,,
1007.00 ,,,
1007.00 ,,,
1007.00 ,,,
987.00 ,,,
992.00 ,,,
1001.00 ,,,
1001.00 ,,,
1007.00 ,,,
1001.00 ,,,
989.00 ,,,
992.00 ,,,
1007.00 ,,,
1001.00 ,,,
1007.00 ,,,
1004.00 ,,,
1004.00 ,,,
989.00 ,,,
989.00 ,,,
1001.00 ,,,
1001.00 ,,,
998.00 ,,,
1004.00 ,,,
1004.00 ,,,
1004.00 ,,,
1004.00 ,,,
1004.00 ,,,
1004.00 ,,,
989.00 ,,,
989.00 ,,,
1001.00 ,,,
1007.00 ,,,
1004.00 ,,,
1001.00 ,,,
1007.00 ,,,
1007.00 ,,,
992.00 ,,,
992.00 ,,,
987.00 ,,,
1007.00 ,,,
1001.00 ,,,
1007.00 ,,,
1007.00 ,,,
989.00 ,,,
989.00 ,,,
1007.00 ,,,
1004.00 ,,,
1007.00 ,,,
1004.00 ,,,
992.00 ,,,
992.00 ,,,
987.00 ,,,
1007.00 ,,,
1001.00 ,,,
1004.00 ,,,
1007.00 ,,,
1004.00 ,,,
1007.00 ,,,
992.00 ,,,
992.00 ,,,
987.00 ,,,
1001.00 ,,,
1001.00 ,,,
1004.00 ,,,
1007.00 ,,,
1004.00 ,,,
1004.00 ,,,
1004.00 ,,,
1007.00 ,,,
992.00 ,,,
992.00 ,,,
984.00 ,,,
1001.00 ,,,
1001.00 ,,,
1001.00 ,,,
1007.00 ,,,
1004.00 ,,,
1004.00 ,,,
1004.00 ,,,
1004.00 ,,,
1012.00 ,,,
995.00 ,,,
992.00 ,,,
987.00 ,,,
989.00 ,,,
998.00 ,,,
1001.00 ,,,
1001.00 ,,,
1001.00 ,,,
1001.00 ,,,
1001.00 ,,,
1001.00 ,,,
1004.00 ,,,
1010.00 ,,,
1007.00 ,,,
1004.00 ,,,
1010.00 ,,,
995.00 ,,,
987.00 ,,,
984.00 ,,,
1007.00 ,,,
1007.00 ,,,
1007.00 ,,,
1001.00 ,,,
989.00 ,,,
992.00 ,,,
1007.00 ,,,
1004.00 ,,,
1007.00 ,,,
1007.00 ,,,
987.00 ,,,
992.00 ,,,
1001.00 ,,,
998.00 ,,,
1007.00 ,,,
1004.00 ,,,
1001.00 ,,,
989.00 ,,,
987.00 ,,,
1004.00 ,,,
1001.00 ,,,
1001.00 ,,,
1001.00 ,,,
1001.00 ,,,
1001.00 ,,,
1001.00 ,,,
1007.00 ,,,
1004.00 ,,,
1001.00 ,,,
1004.00 ,,,
1001.00 ,,,
989.00 ,,,
987.00 ,,,
1004.00 ,,,
998.00 ,,,
1004.00 ,,,
1004.00 ,,,
1004.00 ,,,
1007.00 ,,,
1001.00 ,,,
1004.00 ,,,
992.00 ,,,
992.00 ,,,
1001.00 ,,,
1004.00 ,,,
1004.00 ,,,
1007.00 ,,,
1010.00 ,,,
989.00 ,,,
989.00 ,,,
992.00 ,,,
1004.00 ,,,
1004.00 ,,,
1004.00 ,,,
998.00 ,,,
1004.00 ,,,
1007.00 ,,,
989.00 ,,,
992.00 ,,,
1007.00 ,,,
1001.00 ,,,
1007.00 ,,,
1001.00 ,,,
989.00 ,,,
992.00 ,,,
1001.00 ,,,
1001.00 ,,,
1001.00 ,,,
1001.00 ,,,
1001.00 ,,,
1007.00 ,,,
1004.00 ,,,
1007.00 ,,,
998.00 ,,,
992.00 ,,,
989.00 ,,,
987.00 ,,,
1004.00 ,,,
1001.00 ,,,
1004.00 ,,,
1004.00 ,,,
1001.00 ,,,
1004.00 ,,,
1004.00 ,,,
1004.00 ,,,
1004.00 ,,,
989.00 ,,,
989.00 ,,,
1007.00 ,,,
1007.00 ,,,
1004.00 ,,,
1004.00 ,,,
989.00 ,,,
989.00 ,,,
1007.00 ,,,
1007.00 ,,,
1007.00 ,,,
1004.00 ,,,
989.00 ,,,
989.00 ,,,
1007.00 ,,,
1007.00 ,,,
1007.00 ,,,
989.00 ,,,
987.00 ,,,
1007.00 ,,,
1001.00 ,,,
1004.00 ,,,
1007.00 ,,,
1004.00 ,,,
989.00 ,,,
989.00 ,,,
1004.00 ,,,
1004.00 ,,,
1007.00 ,,,
1007.00 ,,,
992.00 ,,,
992.00 ,,,
987.00 ,,,
1001.00 ,,,
1001.00 ,,,
1007.00 ,,,
1001.00 ,,,
1004.00 ,,,
1001.00 ,,,
1004.00 ,,,
1001.00 ,,,
1004.00 ,,,
1004.00 ,,,
989.00 ,,,
989.00 ,,,
